FID,VolcanoNumber,VolcanoName,SO2_Kilotons,StartDate,EndDate,GeoLocation,Emission_ID
E3WebApp_Emissions.fid--4d9842f7_16247cd462d_-6dd4,211060,Etna,10,19790804,19790804,POINT (14.999 37.748),4
E3WebApp_Emissions.fid--4d9842f7_16247cd462d_-6dd3,211060,Etna,70,19800902,19800906,POINT (14.999 37.748),5
E3WebApp_Emissions.fid--4d9842f7_16247cd462d_-6dd2,211060,Etna,10,19861130,19861130,POINT (14.999 37.748),6
E3WebApp_Emissions.fid--4d9842f7_16247cd462d_-6dd1,211060,Etna,37,19890919,19890919,POINT (14.999 37.748),7
E3WebApp_Emissions.fid--4d9842f7_16247cd462d_-6dd0,211060,Etna,10,19900115,19900115,POINT (14.999 37.748),8
E3WebApp_Emissions.fid--4d9842f7_16247cd462d_-6dcf,211060,Etna,10,20010725,20010725,POINT (14.999 37.748),9
E3WebApp_Emissions.fid--4d9842f7_16247cd462d_-6dce,211060,Etna,80,20021027,20021027,POINT (14.999 37.748),10
E3WebApp_Emissions.fid--4d9842f7_16247cd462d_-6dcd,211060,Etna,9.3,20061116,20061121,POINT (14.999 37.748),11
E3WebApp_Emissions.fid--4d9842f7_16247cd462d_-6dcc,211060,Etna,10.5,20070329,20070411,POINT (14.999 37.748),12
E3WebApp_Emissions.fid--4d9842f7_16247cd462d_-6dcb,211060,Etna,6,20070429,20070507,POINT (14.999 37.748),13
E3WebApp_Emissions.fid--4d9842f7_16247cd462d_-6dca,211060,Etna,12,20070904,20070904,POINT (14.999 37.748),14
E3WebApp_Emissions.fid--4d9842f7_16247cd462d_-6dc9,211060,Etna,10,20071124,20071124,POINT (14.999 37.748),15
E3WebApp_Emissions.fid--4d9842f7_16247cd462d_-6dc8,211060,Etna,46.5,20080510,20080513,POINT (14.999 37.748),16
E3WebApp_Emissions.fid--4d9842f7_16247cd462d_-6dc7,211060,Etna,7,20110112,20110112,POINT (14.999 37.748),17
E3WebApp_Emissions.fid--4d9842f7_16247cd462d_-6dc6,211060,Etna,8,20110218,20110218,POINT (14.999 37.748),18
E3WebApp_Emissions.fid--4d9842f7_16247cd462d_-6dc5,211060,Etna,5,20110410,20110410,POINT (14.999 37.748),19
E3WebApp_Emissions.fid--4d9842f7_16247cd462d_-6dc4,211060,Etna,6,20110512,20110512,POINT (14.999 37.748),20
E3WebApp_Emissions.fid--4d9842f7_16247cd462d_-6dc3,211060,Etna,52.7,20110709,20111023,POINT (14.999 37.748),21
E3WebApp_Emissions.fid--4d9842f7_16247cd462d_-6dc2,211060,Etna,4.8,20111115,20111115,POINT (14.999 37.748),22
E3WebApp_Emissions.fid--4d9842f7_16247cd462d_-6dc1,211060,Etna,6.5,20120105,20120105,POINT (14.999 37.748),23
E3WebApp_Emissions.fid--4d9842f7_16247cd462d_-6dc0,211060,Etna,1.1,20120209,20120209,POINT (14.999 37.748),24
E3WebApp_Emissions.fid--4d9842f7_16247cd462d_-6dbf,211060,Etna,31,20120304,20120424,POINT (14.999 37.748),25
E3WebApp_Emissions.fid--4d9842f7_16247cd462d_-6dbe,211060,Etna,5,20130228,20130228,POINT (14.999 37.748),26
E3WebApp_Emissions.fid--4d9842f7_16247cd462d_-6dbd,211060,Etna,7,20130427,20130427,POINT (14.999 37.748),27
E3WebApp_Emissions.fid--4d9842f7_16247cd462d_-6dbc,211060,Etna,10,20131026,20131026,POINT (14.999 37.748),28
E3WebApp_Emissions.fid--4d9842f7_16247cd462d_-6dbb,211060,Etna,40,20131117,20131230,POINT (14.999 37.748),29
E3WebApp_Emissions.fid--4d9842f7_16247cd462d_-6dba,211060,Etna,25,20151203,20151203,POINT (14.999 37.748),30
E3WebApp_Emissions.fid--4d9842f7_16247cd462d_-6db9,221010,"Tair, Jebel at",80,20070930,20070930,POINT (41.83 15.55),31
E3WebApp_Emissions.fid--4d9842f7_16247cd462d_-6db8,221020,Zubair Group,1,20111218,20111218,POINT (42.18 15.05),32
E3WebApp_Emissions.fid--4d9842f7_16247cd462d_-6db7,221060,Alu-Dalafilla,150,20081103,20081103,POINT (40.553 13.793),33
E3WebApp_Emissions.fid--4d9842f7_16247cd462d_-6db6,221101,Nabro,3650,20110613,20110613,POINT (41.7 13.37),34
E3WebApp_Emissions.fid--4d9842f7_16247cd462d_-6db5,221115,Manda Hararo,26,20070812,20070812,POINT (40.82 12.17),35
E3WebApp_Emissions.fid--4d9842f7_16247cd462d_-6db4,221115,Manda Hararo,34,20090629,20090629,POINT (40.82 12.17),36
E3WebApp_Emissions.fid--4d9842f7_16247cd462d_-6db3,223020,Nyamuragira,884,19800131,19800131,POINT (29.2 -1.408),37
E3WebApp_Emissions.fid--4d9842f7_16247cd462d_-6db2,223020,Nyamuragira,4122,19811225,19811225,POINT (29.2 -1.408),38
E3WebApp_Emissions.fid--4d9842f7_16247cd462d_-6db1,223020,Nyamuragira,1384,19840223,19840223,POINT (29.2 -1.408),39
E3WebApp_Emissions.fid--4d9842f7_16247cd462d_-6db0,223020,Nyamuragira,983,19860716,19860716,POINT (29.2 -1.408),40
E3WebApp_Emissions.fid--4d9842f7_16247cd462d_-6daf,223020,Nyamuragira,28,19871231,19871231,POINT (29.2 -1.408),41
E3WebApp_Emissions.fid--4d9842f7_16247cd462d_-6dae,223020,Nyamuragira,2105,19890424,19890424,POINT (29.2 -1.408),42
E3WebApp_Emissions.fid--4d9842f7_16247cd462d_-6dad,223020,Nyamuragira,858,19910922,19910922,POINT (29.2 -1.408),43
E3WebApp_Emissions.fid--4d9842f7_16247cd462d_-6dac,223020,Nyamuragira,1514,19940705,19940705,POINT (29.2 -1.408),44
E3WebApp_Emissions.fid--4d9842f7_16247cd462d_-6dab,223020,Nyamuragira,887,19961201,19961201,POINT (29.2 -1.408),45
E3WebApp_Emissions.fid--4d9842f7_16247cd462d_-6daa,223020,Nyamuragira,2513,19981017,19981017,POINT (29.2 -1.408),46
E3WebApp_Emissions.fid--4d9842f7_16247cd462d_-6da9,223020,Nyamuragira,317,20000128,20000128,POINT (29.2 -1.408),47
E3WebApp_Emissions.fid--4d9842f7_16247cd462d_-6da8,223020,Nyamuragira,1651,20010206,20010206,POINT (29.2 -1.408),48
E3WebApp_Emissions.fid--4d9842f7_16247cd462d_-6da7,223020,Nyamuragira,2321,20020725,20020725,POINT (29.2 -1.408),49
E3WebApp_Emissions.fid--4d9842f7_16247cd462d_-6da6,223020,Nyamuragira,2587,20040508,20040508,POINT (29.2 -1.408),50
E3WebApp_Emissions.fid--4d9842f7_16247cd462d_-6da5,223020,Nyamuragira,675,20061127,20061127,POINT (29.2 -1.408),51
E3WebApp_Emissions.fid--4d9842f7_16247cd462d_-6da4,223020,Nyamuragira,601,20100102,20100102,POINT (29.2 -1.408),52
E3WebApp_Emissions.fid--4d9842f7_16247cd462d_-6da3,223020,Nyamuragira,1719,20111107,20111107,POINT (29.2 -1.408),53
E3WebApp_Emissions.fid--4d9842f7_16247cd462d_-6da2,223030,Nyiragongo,30,20020117,20020117,POINT (29.25 -1.52),54
E3WebApp_Emissions.fid--4d9842f7_16247cd462d_-6da1,224010,Cameroon,3,19821018,19821018,POINT (9.17 4.203),55
E3WebApp_Emissions.fid--4d9842f7_16247cd462d_-6da0,224010,Cameroon,45,19990330,19990330,POINT (9.17 4.203),56
E3WebApp_Emissions.fid--4d9842f7_16247cd462d_-6d9f,233010,Karthala,10,20050417,20050417,POINT (43.38 -11.75),57
E3WebApp_Emissions.fid--4d9842f7_16247cd462d_-6d9e,233010,Karthala,20,20051124,20051124,POINT (43.38 -11.75),58
E3WebApp_Emissions.fid--4d9842f7_16247cd462d_-6d9d,233010,Karthala,10,20060528,20060528,POINT (43.38 -11.75),59
E3WebApp_Emissions.fid--4d9842f7_16247cd462d_-6d9c,233010,Karthala,0.6,20070112,20070112,POINT (43.38 -11.75),60
E3WebApp_Emissions.fid--4d9842f7_16247cd462d_-6d9b,233020,"Fournaise, Piton de la",4,20021117,20021117,POINT (55.708 -21.244),61
E3WebApp_Emissions.fid--4d9842f7_16247cd462d_-6d9a,233020,"Fournaise, Piton de la",0.5,20041002,20041002,POINT (55.708 -21.244),62
E3WebApp_Emissions.fid--4d9842f7_16247cd462d_-6d99,233020,"Fournaise, Piton de la",10,20050226,20050226,POINT (55.708 -21.244),63
E3WebApp_Emissions.fid--4d9842f7_16247cd462d_-6d98,233020,"Fournaise, Piton de la",15,20051227,20051227,POINT (55.708 -21.244),64
E3WebApp_Emissions.fid--4d9842f7_16247cd462d_-6d97,233020,"Fournaise, Piton de la",1,20060831,20060831,POINT (55.708 -21.244),65
E3WebApp_Emissions.fid--4d9842f7_16247cd462d_-6d96,233020,"Fournaise, Piton de la",300,20070403,20070403,POINT (55.708 -21.244),66
E3WebApp_Emissions.fid--4d9842f7_16247cd462d_-6d95,233020,"Fournaise, Piton de la",1,20100111,20100111,POINT (55.708 -21.244),67
E3WebApp_Emissions.fid--4d9842f7_16247cd462d_-6d94,233020,"Fournaise, Piton de la",1,20101015,20101015,POINT (55.708 -21.244),68
E3WebApp_Emissions.fid--4d9842f7_16247cd462d_-6d93,233020,"Fournaise, Piton de la",1,20140621,20140621,POINT (55.708 -21.244),69
E3WebApp_Emissions.fid--4d9842f7_16247cd462d_-6d92,233020,"Fournaise, Piton de la",3,20150204,20150204,POINT (55.708 -21.244),70
E3WebApp_Emissions.fid--4d9842f7_16247cd462d_-6d91,233020,"Fournaise, Piton de la",2,20150518,20150518,POINT (55.708 -21.244),71
E3WebApp_Emissions.fid--4d9842f7_16247cd462d_-6d90,233020,"Fournaise, Piton de la",2,20150731,20150731,POINT (55.708 -21.244),72
E3WebApp_Emissions.fid--4d9842f7_16247cd462d_-6d8f,233020,"Fournaise, Piton de la",2,20150825,20150825,POINT (55.708 -21.244),73
E3WebApp_Emissions.fid--4d9842f7_16247cd462d_-6d8e,234010,Heard,10,19850114,19850114,POINT (73.513 -53.106),74
E3WebApp_Emissions.fid--4d9842f7_16247cd462d_-6d8d,241080,Tongariro,1,20120806,20120806,POINT (175.632 -39.157),75
E3WebApp_Emissions.fid--4d9842f7_16247cd462d_-6d8c,241100,Ruapehu,80,19960617,19960617,POINT (175.57 -39.28),76
E3WebApp_Emissions.fid--4d9842f7_16247cd462d_-6d8b,241100,Ruapehu,10,19960720,19960720,POINT (175.57 -39.28),77
E3WebApp_Emissions.fid--4d9842f7_16247cd462d_-6d8a,243040,Hunga Tonga-Hunga Ha'apai,14,20141224,20141224,POINT (-175.382 -20.536),78
E3WebApp_Emissions.fid--4d9842f7_16247cd462d_-6d89,243080,Home Reef,25,20060808,20060808,POINT (-174.775 -18.992),79
E3WebApp_Emissions.fid--4d9842f7_16247cd462d_-6d88,251020,Manam,3,19970208,19970208,POINT (145.037 -4.08),80
E3WebApp_Emissions.fid--4d9842f7_16247cd462d_-6d87,251020,Manam,17,19981005,19981005,POINT (145.037 -4.08),81
E3WebApp_Emissions.fid--4d9842f7_16247cd462d_-6d86,251020,Manam,10,20020519,20020519,POINT (145.037 -4.08),82
E3WebApp_Emissions.fid--4d9842f7_16247cd462d_-6d85,251020,Manam,152,20041024,20041127,POINT (145.037 -4.08),83
E3WebApp_Emissions.fid--4d9842f7_16247cd462d_-6d84,251020,Manam,38,20041220,20041220,POINT (145.037 -4.08),84
E3WebApp_Emissions.fid--4d9842f7_16247cd462d_-6d83,251020,Manam,140,20050128,20050128,POINT (145.037 -4.08),85
E3WebApp_Emissions.fid--4d9842f7_16247cd462d_-6d82,251020,Manam,50,20060227,20060227,POINT (145.037 -4.08),86
E3WebApp_Emissions.fid--4d9842f7_16247cd462d_-6d81,251020,Manam,10,20130413,20130413,POINT (145.037 -4.08),87
E3WebApp_Emissions.fid--4d9842f7_16247cd462d_-6d80,251020,Manam,50,20150731,20150731,POINT (145.037 -4.08),88
E3WebApp_Emissions.fid--4d9842f7_16247cd462d_-6d7f,251030,Karkar,50,19790308,19790308,POINT (145.964 -4.649),89
E3WebApp_Emissions.fid--4d9842f7_16247cd462d_-6d7e,252070,Krummel-Garbuna-Welcker,1,20071111,20071111,POINT (150.027 -5.416),90
E3WebApp_Emissions.fid--4d9842f7_16247cd462d_-6d7d,252120,Ulawun,200,19801007,19801007,POINT (151.33 -5.05),91
E3WebApp_Emissions.fid--4d9842f7_16247cd462d_-6d7c,252120,Ulawun,70,19851120,19851120,POINT (151.33 -5.05),92
E3WebApp_Emissions.fid--4d9842f7_16247cd462d_-6d7b,252120,Ulawun,37,20000928,20000928,POINT (151.33 -5.05),93
E3WebApp_Emissions.fid--4d9842f7_16247cd462d_-6d7a,252120,Ulawun,30,20010430,20010430,POINT (151.33 -5.05),94
E3WebApp_Emissions.fid--4d9842f7_16247cd462d_-6d79,252120,Ulawun,10,20020827,20020827,POINT (151.33 -5.05),95
E3WebApp_Emissions.fid--4d9842f7_16247cd462d_-6d78,252140,Rabaul,200,19940919,19940919,POINT (152.203 -4.271),96
E3WebApp_Emissions.fid--4d9842f7_16247cd462d_-6d77,252140,Rabaul,300,20061007,20061007,POINT (152.203 -4.271),97
E3WebApp_Emissions.fid--4d9842f7_16247cd462d_-6d76,252140,Rabaul,31,20140829,20140829,POINT (152.203 -4.271),98
E3WebApp_Emissions.fid--4d9842f7_16247cd462d_-6d75,256010,Tinakula,2,20060212,20060212,POINT (165.804 -10.386),99
E3WebApp_Emissions.fid--4d9842f7_16247cd462d_-6d74,257040,Ambrym,87,19781205,19781205,POINT (168.12 -16.25),100
E3WebApp_Emissions.fid--4d9842f7_16247cd462d_-6d73,257040,Ambrym,10,19861115,19861115,POINT (168.12 -16.25),101
E3WebApp_Emissions.fid--4d9842f7_16247cd462d_-6d72,257040,Ambrym,25,19890424,19890424,POINT (168.12 -16.25),102
E3WebApp_Emissions.fid--4d9842f7_16247cd462d_-6d71,257040,Ambrym,20,20150221,20150221,POINT (168.12 -16.25),103
E3WebApp_Emissions.fid--4d9842f7_16247cd462d_-6d70,257050,Lopevi,38,19800818,19800818,POINT (168.346 -16.507),104
E3WebApp_Emissions.fid--4d9842f7_16247cd462d_-6d6f,257050,Lopevi,27,19821025,19821025,POINT (168.346 -16.507),105
E3WebApp_Emissions.fid--4d9842f7_16247cd462d_-6d6e,257050,Lopevi,50,20030609,20030609,POINT (168.346 -16.507),106
E3WebApp_Emissions.fid--4d9842f7_16247cd462d_-6d6d,257050,Lopevi,22,20040928,20040928,POINT (168.346 -16.507),107
E3WebApp_Emissions.fid--4d9842f7_16247cd462d_-6d6c,257050,Lopevi,12,20070420,20070420,POINT (168.346 -16.507),108
E3WebApp_Emissions.fid--4d9842f7_16247cd462d_-6d6b,260010,Barren Island,0.2,20060405,20060405,POINT (93.858 12.278),109
E3WebApp_Emissions.fid--4d9842f7_16247cd462d_-6d6a,261080,Sinabung,20,20140111,20140111,POINT (98.392 3.17),110
E3WebApp_Emissions.fid--4d9842f7_16247cd462d_-6d69,261160,Talang,1,20050412,20050412,POINT (100.681 -0.979),111
E3WebApp_Emissions.fid--4d9842f7_16247cd462d_-6d68,263100,Papandayan,7,20021113,20021113,POINT (107.73 -7.32),112
E3WebApp_Emissions.fid--4d9842f7_16247cd462d_-6d67,263140,Galunggung,730,19820405,19820603,POINT (108.058 -7.25),113
E3WebApp_Emissions.fid--4d9842f7_16247cd462d_-6d66,263140,Galunggung,430,19820624,19820624,POINT (108.058 -7.25),114
E3WebApp_Emissions.fid--4d9842f7_16247cd462d_-6d65,263140,Galunggung,440,19820713,19820717,POINT (108.058 -7.25),115
E3WebApp_Emissions.fid--4d9842f7_16247cd462d_-6d64,263140,Galunggung,130,19820815,19820918,POINT (108.058 -7.25),116
E3WebApp_Emissions.fid--4d9842f7_16247cd462d_-6d63,263250,Merapi,10,20060615,20060615,POINT (110.446 -7.54),117
E3WebApp_Emissions.fid--4d9842f7_16247cd462d_-6d62,263250,Merapi,300,20101104,20101104,POINT (110.446 -7.54),118
E3WebApp_Emissions.fid--4d9842f7_16247cd462d_-6d61,263280,Kelut,150,19900211,19900211,POINT (112.308 -7.93),119
E3WebApp_Emissions.fid--4d9842f7_16247cd462d_-6d60,263280,Kelut,200,20140213,20140213,POINT (112.308 -7.93),120
E3WebApp_Emissions.fid--4d9842f7_16247cd462d_-6d5f,263310,Tengger Caldera,31,20040609,20040609,POINT (112.95 -7.942),121
E3WebApp_Emissions.fid--4d9842f7_16247cd462d_-6d5e,263310,Tengger Caldera,5,20101129,20101129,POINT (112.95 -7.942),122
E3WebApp_Emissions.fid--4d9842f7_16247cd462d_-6d5d,263310,Tengger Caldera,12,20101220,20101226,POINT (112.95 -7.942),123
E3WebApp_Emissions.fid--4d9842f7_16247cd462d_-6d5c,263310,Tengger Caldera,24,20110128,20110212,POINT (112.95 -7.942),124
E3WebApp_Emissions.fid--4d9842f7_16247cd462d_-6d5b,264030,Rinjani,10,19940603,19940603,POINT (116.47 -8.42),125
E3WebApp_Emissions.fid--4d9842f7_16247cd462d_-6d5a,264050,Sangeang Api,100,20140530,20140530,POINT (119.07 -8.2),126
E3WebApp_Emissions.fid--4d9842f7_16247cd462d_-6d59,264150,Paluweh,40,20130202,20130202,POINT (121.708 -8.32),127
E3WebApp_Emissions.fid--4d9842f7_16247cd462d_-6d58,265090,Banda Api,250,19880509,19880509,POINT (129.881 -4.523),128
E3WebApp_Emissions.fid--4d9842f7_16247cd462d_-6d57,266010,Colo,200,19830724,19830724,POINT (121.601 -0.162),129
E3WebApp_Emissions.fid--4d9842f7_16247cd462d_-6d56,266030,Soputan,90,19820827,19820827,POINT (124.737 1.112),130
E3WebApp_Emissions.fid--4d9842f7_16247cd462d_-6d55,266030,Soputan,13,19821110,19821110,POINT (124.737 1.112),131
E3WebApp_Emissions.fid--4d9842f7_16247cd462d_-6d54,266030,Soputan,166,19840524,19840524,POINT (124.737 1.112),132
E3WebApp_Emissions.fid--4d9842f7_16247cd462d_-6d53,266030,Soputan,26,19840831,19840831,POINT (124.737 1.112),133
E3WebApp_Emissions.fid--4d9842f7_16247cd462d_-6d52,266030,Soputan,12,19850520,19850520,POINT (124.737 1.112),134
E3WebApp_Emissions.fid--4d9842f7_16247cd462d_-6d51,266030,Soputan,16,20030901,20030901,POINT (124.737 1.112),135
E3WebApp_Emissions.fid--4d9842f7_16247cd462d_-6d50,266030,Soputan,10,20041018,20041018,POINT (124.737 1.112),136
E3WebApp_Emissions.fid--4d9842f7_16247cd462d_-6d4f,266030,Soputan,15,20041213,20041213,POINT (124.737 1.112),137
E3WebApp_Emissions.fid--4d9842f7_16247cd462d_-6d4e,266030,Soputan,1.5,20050420,20050420,POINT (124.737 1.112),138
E3WebApp_Emissions.fid--4d9842f7_16247cd462d_-6d4d,266030,Soputan,5,20051227,20051227,POINT (124.737 1.112),139
E3WebApp_Emissions.fid--4d9842f7_16247cd462d_-6d4c,266030,Soputan,10,20061214,20061214,POINT (124.737 1.112),140
E3WebApp_Emissions.fid--4d9842f7_16247cd462d_-6d4b,266030,Soputan,5,20070814,20070814,POINT (124.737 1.112),141
E3WebApp_Emissions.fid--4d9842f7_16247cd462d_-6d4a,266030,Soputan,12,20071025,20071025,POINT (124.737 1.112),142
E3WebApp_Emissions.fid--4d9842f7_16247cd462d_-6d49,266030,Soputan,33,20080606,20080606,POINT (124.737 1.112),143
E3WebApp_Emissions.fid--4d9842f7_16247cd462d_-6d48,266030,Soputan,16,20081006,20081006,POINT (124.737 1.112),144
E3WebApp_Emissions.fid--4d9842f7_16247cd462d_-6d47,266030,Soputan,10,20110703,20110703,POINT (124.737 1.112),145
E3WebApp_Emissions.fid--4d9842f7_16247cd462d_-6d46,266030,Soputan,2,20110814,20110814,POINT (124.737 1.112),146
E3WebApp_Emissions.fid--4d9842f7_16247cd462d_-6d45,266030,Soputan,2,20120827,20120827,POINT (124.737 1.112),147
E3WebApp_Emissions.fid--4d9842f7_16247cd462d_-6d44,266030,Soputan,10,20120918,20120918,POINT (124.737 1.112),148
E3WebApp_Emissions.fid--4d9842f7_16247cd462d_-6d43,266030,Soputan,2,20150202,20150202,POINT (124.737 1.112),149
E3WebApp_Emissions.fid--4d9842f7_16247cd462d_-6d42,266030,Soputan,3,20160105,20160105,POINT (124.737 1.112),150
E3WebApp_Emissions.fid--4d9842f7_16247cd462d_-6d41,266030,Soputan,5,20160206,20160206,POINT (124.737 1.112),151
E3WebApp_Emissions.fid--4d9842f7_16247cd462d_-6d40,266100,Lokon-Empung,20,19911025,19911025,POINT (124.792 1.358),152
E3WebApp_Emissions.fid--4d9842f7_16247cd462d_-6d3f,267010,Ruang,80,20020926,20020926,POINT (125.37 2.3),153
E3WebApp_Emissions.fid--4d9842f7_16247cd462d_-6d3e,268040,Gamkonora,1,20070709,20070709,POINT (127.53 1.38),154
E3WebApp_Emissions.fid--4d9842f7_16247cd462d_-6d3d,268060,Gamalama,5,20030731,20030731,POINT (127.33 0.8),155
E3WebApp_Emissions.fid--4d9842f7_16247cd462d_-6d3c,268060,Gamalama,8,20111204,20111204,POINT (127.33 0.8),156
E3WebApp_Emissions.fid--4d9842f7_16247cd462d_-6d3b,268070,Makian,50,19880729,19880729,POINT (127.4 0.32),157
E3WebApp_Emissions.fid--4d9842f7_16247cd462d_-6d3a,272020,Kanlaon,10,19850314,19850314,POINT (123.132 10.412),158
E3WebApp_Emissions.fid--4d9842f7_16247cd462d_-6d39,273010,Bulusan,1,20060321,20060321,POINT (124.056 12.769),159
E3WebApp_Emissions.fid--4d9842f7_16247cd462d_-6d38,273010,Bulusan,0.5,20070408,20070408,POINT (124.056 12.769),160
E3WebApp_Emissions.fid--4d9842f7_16247cd462d_-6d37,273010,Bulusan,1,20070512,20070512,POINT (124.056 12.769),161
E3WebApp_Emissions.fid--4d9842f7_16247cd462d_-6d36,273010,Bulusan,1,20070731,20070731,POINT (124.056 12.769),162
E3WebApp_Emissions.fid--4d9842f7_16247cd462d_-6d35,273010,Bulusan,1.2,20110221,20110221,POINT (124.056 12.769),163
E3WebApp_Emissions.fid--4d9842f7_16247cd462d_-6d34,273030,Mayon,50,19840913,19840913,POINT (123.685 13.257),164
E3WebApp_Emissions.fid--4d9842f7_16247cd462d_-6d33,273083,Pinatubo,18194,19910613,19910615,POINT (120.35 15.13),165
E3WebApp_Emissions.fid--4d9842f7_16247cd462d_-6d32,282050,Kuchinoerabujima,4,20150529,20150529,POINT (130.217 30.443),166
E3WebApp_Emissions.fid--4d9842f7_16247cd462d_-6d31,282090,Kirishimayama,30,20110126,20110126,POINT (130.862 31.934),167
E3WebApp_Emissions.fid--4d9842f7_16247cd462d_-6d30,283040,Ontakesan,1,20140927,20140927,POINT (137.48 35.893),168
E3WebApp_Emissions.fid--4d9842f7_16247cd462d_-6d2f,283110,Asamayama,101,20040901,20040915,POINT (138.523 36.406),169
E3WebApp_Emissions.fid--4d9842f7_16247cd462d_-6d2e,284010,Izu-Oshima,22,19861119,19861119,POINT (139.394 34.724),170
E3WebApp_Emissions.fid--4d9842f7_16247cd462d_-6d2d,284040,Miyakejima,64,20000818,20000828,POINT (139.526 34.094),171
E3WebApp_Emissions.fid--4d9842f7_16247cd462d_-6d2c,284170,Pagan,320,19810515,19810515,POINT (145.8 18.13),172
E3WebApp_Emissions.fid--4d9842f7_16247cd462d_-6d2b,284200,Anatahan,494,20030511,20030613,POINT (145.67 16.35),173
E3WebApp_Emissions.fid--4d9842f7_16247cd462d_-6d2a,284200,Anatahan,2324.2,20050405,20050903,POINT (145.67 16.35),174
E3WebApp_Emissions.fid--4d9842f7_16247cd462d_-6d29,290240,Sarychev Peak,1200,20090615,20090615,POINT (153.2 48.092),175
E3WebApp_Emissions.fid--4d9842f7_16247cd462d_-6d28,290360,Chikurachki,750,19861120,19861202,POINT (155.461 50.324),176
E3WebApp_Emissions.fid--4d9842f7_16247cd462d_-6d27,290360,Chikurachki,5,20050312,20050312,POINT (155.461 50.324),177
E3WebApp_Emissions.fid--4d9842f7_16247cd462d_-6d26,290360,Chikurachki,30,20070304,20070304,POINT (155.461 50.324),178
E3WebApp_Emissions.fid--4d9842f7_16247cd462d_-6d25,290360,Chikurachki,20,20070819,20070819,POINT (155.461 50.324),179
E3WebApp_Emissions.fid--4d9842f7_16247cd462d_-6d24,290360,Chikurachki,20,20080718,20080718,POINT (155.461 50.324),180
E3WebApp_Emissions.fid--4d9842f7_16247cd462d_-6d23,290360,Chikurachki,5,20150216,20150216,POINT (155.461 50.324),181
E3WebApp_Emissions.fid--4d9842f7_16247cd462d_-6d22,290360,Chikurachki,4,20160330,20160330,POINT (155.461 50.324),182
E3WebApp_Emissions.fid--4d9842f7_16247cd462d_-6d21,290390,Alaid,1110,19810427,19810508,POINT (155.565 50.861),183
E3WebApp_Emissions.fid--4d9842f7_16247cd462d_-6d20,300090,Koryaksky,2,20090816,20090816,POINT (158.712 53.321),184
E3WebApp_Emissions.fid--4d9842f7_16247cd462d_-6d1f,300120,Zhupanovsky,227,20140606,20140606,POINT (159.15 53.589),185
E3WebApp_Emissions.fid--4d9842f7_16247cd462d_-6d1e,300120,Zhupanovsky,10,20150712,20150712,POINT (159.15 53.589),186
E3WebApp_Emissions.fid--4d9842f7_16247cd462d_-6d1d,300230,Kizimen,37,20101213,20101213,POINT (160.32 55.131),187
E3WebApp_Emissions.fid--4d9842f7_16247cd462d_-6d1c,300230,Kizimen,23,20110101,20110101,POINT (160.32 55.131),188
E3WebApp_Emissions.fid--4d9842f7_16247cd462d_-6d1b,300240,Tolbachik,200,20121127,20121127,POINT (160.326 55.832),189
E3WebApp_Emissions.fid--4d9842f7_16247cd462d_-6d1a,300250,Bezymianny,10,19810613,19810613,POINT (160.595 55.972),190
E3WebApp_Emissions.fid--4d9842f7_16247cd462d_-6d19,300250,Bezymianny,10,19841013,19841013,POINT (160.595 55.972),191
E3WebApp_Emissions.fid--4d9842f7_16247cd462d_-6d18,300250,Bezymianny,10,19850701,19850701,POINT (160.595 55.972),192
E3WebApp_Emissions.fid--4d9842f7_16247cd462d_-6d17,300250,Bezymianny,2,20030726,20030726,POINT (160.595 55.972),193
E3WebApp_Emissions.fid--4d9842f7_16247cd462d_-6d16,300250,Bezymianny,1,20040114,20040114,POINT (160.595 55.972),194
E3WebApp_Emissions.fid--4d9842f7_16247cd462d_-6d15,300250,Bezymianny,1,20040619,20040619,POINT (160.595 55.972),195
E3WebApp_Emissions.fid--4d9842f7_16247cd462d_-6d14,300250,Bezymianny,5,20060509,20060509,POINT (160.595 55.972),196
E3WebApp_Emissions.fid--4d9842f7_16247cd462d_-6d13,300250,Bezymianny,5,20071015,20071015,POINT (160.595 55.972),197
E3WebApp_Emissions.fid--4d9842f7_16247cd462d_-6d12,300250,Bezymianny,1,20091217,20091217,POINT (160.595 55.972),198
E3WebApp_Emissions.fid--4d9842f7_16247cd462d_-6d11,300250,Bezymianny,3,20120901,20120901,POINT (160.595 55.972),199
E3WebApp_Emissions.fid--4d9842f7_16247cd462d_-6d10,300260,Klyuchevskoy,10,19870219,19870219,POINT (160.642 56.056),200
E3WebApp_Emissions.fid--4d9842f7_16247cd462d_-6d0f,300260,Klyuchevskoy,10,19900130,19900130,POINT (160.642 56.056),201
E3WebApp_Emissions.fid--4d9842f7_16247cd462d_-6d0e,300260,Klyuchevskoy,150,19941001,19941001,POINT (160.642 56.056),202
E3WebApp_Emissions.fid--4d9842f7_16247cd462d_-6d0d,300260,Klyuchevskoy,176,20070430,20070715,POINT (160.642 56.056),203
E3WebApp_Emissions.fid--4d9842f7_16247cd462d_-6d0c,300260,Klyuchevskoy,55,20131013,20131020,POINT (160.642 56.056),204
E3WebApp_Emissions.fid--4d9842f7_16247cd462d_-6d0b,300260,Klyuchevskoy,2,20131119,20131119,POINT (160.642 56.056),205
E3WebApp_Emissions.fid--4d9842f7_16247cd462d_-6d0a,300270,Sheveluch,1,20040510,20040510,POINT (161.36 56.653),206
E3WebApp_Emissions.fid--4d9842f7_16247cd462d_-6d09,300270,Sheveluch,11,20101027,20101027,POINT (161.36 56.653),207
E3WebApp_Emissions.fid--4d9842f7_16247cd462d_-6d08,300270,Sheveluch,5,20140924,20140924,POINT (161.36 56.653),208
E3WebApp_Emissions.fid--4d9842f7_16247cd462d_-6d07,300270,Sheveluch,15,20150224,20150316,POINT (161.36 56.653),209
E3WebApp_Emissions.fid--4d9842f7_16247cd462d_-6d06,311130,Kasatochi,2000,20080807,20080807,POINT (-175.508 52.177),210
E3WebApp_Emissions.fid--4d9842f7_16247cd462d_-6d05,311240,Cleveland,6,20010219,20010219,POINT (-169.944 52.825),211
E3WebApp_Emissions.fid--4d9842f7_16247cd462d_-6d04,311240,Cleveland,0.13,20060523,20060523,POINT (-169.944 52.825),212
E3WebApp_Emissions.fid--4d9842f7_16247cd462d_-6d03,311240,Cleveland,1,20130505,20130505,POINT (-169.944 52.825),213
E3WebApp_Emissions.fid--4d9842f7_16247cd462d_-6d02,311290,Okmok,150,20080712,20080712,POINT (-168.13 53.43),214
E3WebApp_Emissions.fid--4d9842f7_16247cd462d_-6d01,311310,Makushin,10,19800501,19800501,POINT (-166.923 53.891),215
E3WebApp_Emissions.fid--4d9842f7_16247cd462d_-6d00,311360,Shishaldin,63,19990419,19990419,POINT (-163.97 54.756),216
E3WebApp_Emissions.fid--4d9842f7_16247cd462d_-6cff,312030,Pavlof,50,19831115,19831115,POINT (-161.894 55.417),217
E3WebApp_Emissions.fid--4d9842f7_16247cd462d_-6cfe,312030,Pavlof,70,19860419,19860419,POINT (-161.894 55.417),218
E3WebApp_Emissions.fid--4d9842f7_16247cd462d_-6cfd,312030,Pavlof,5,20130625,20130625,POINT (-161.894 55.417),219
E3WebApp_Emissions.fid--4d9842f7_16247cd462d_-6cfc,312030,Pavlof,10,20140603,20140603,POINT (-161.894 55.417),220
E3WebApp_Emissions.fid--4d9842f7_16247cd462d_-6cfb,312030,Pavlof,46,20141115,20141115,POINT (-161.894 55.417),221
E3WebApp_Emissions.fid--4d9842f7_16247cd462d_-6cfa,312030,Pavlof,20,20160327,20160327,POINT (-161.894 55.417),222
E3WebApp_Emissions.fid--4d9842f7_16247cd462d_-6cf9,312070,Veniaminof,5,20130812,20130812,POINT (-159.38 56.17),223
E3WebApp_Emissions.fid--4d9842f7_16247cd462d_-6cf8,312260,Fourpeaked,1,20060917,20060917,POINT (-153.672 58.77),224
E3WebApp_Emissions.fid--4d9842f7_16247cd462d_-6cf7,313010,Augustine,20,19860327,19860327,POINT (-153.43 59.363),225
E3WebApp_Emissions.fid--4d9842f7_16247cd462d_-6cf6,313010,Augustine,10,20060129,20060129,POINT (-153.43 59.363),226
E3WebApp_Emissions.fid--4d9842f7_16247cd462d_-6cf5,313030,Redoubt,140,19891215,19891215,POINT (-152.742 60.485),227
E3WebApp_Emissions.fid--4d9842f7_16247cd462d_-6cf4,313030,Redoubt,16,19900309,19900309,POINT (-152.742 60.485),228
E3WebApp_Emissions.fid--4d9842f7_16247cd462d_-6cf3,313030,Redoubt,159,20090323,20090404,POINT (-152.742 60.485),229
E3WebApp_Emissions.fid--4d9842f7_16247cd462d_-6cf2,313040,Spurr,250,19920627,19920627,POINT (-152.251 61.299),230
E3WebApp_Emissions.fid--4d9842f7_16247cd462d_-6cf1,313040,Spurr,300,19920818,19920818,POINT (-152.251 61.299),231
E3WebApp_Emissions.fid--4d9842f7_16247cd462d_-6cf0,313040,Spurr,250,19920917,19920917,POINT (-152.251 61.299),232
E3WebApp_Emissions.fid--4d9842f7_16247cd462d_-6cef,321050,St. Helens,875,19800518,19800525,POINT (-122.18 46.2),233
E3WebApp_Emissions.fid--4d9842f7_16247cd462d_-6cee,321050,St. Helens,35,19800613,19800613,POINT (-122.18 46.2),234
E3WebApp_Emissions.fid--4d9842f7_16247cd462d_-6ced,332010,Kilauea,1,19830329,19830329,POINT (-155.287 19.421),235
E3WebApp_Emissions.fid--4d9842f7_16247cd462d_-6cec,332010,Kilauea,5.5,19830703,19830703,POINT (-155.287 19.421),236
E3WebApp_Emissions.fid--4d9842f7_16247cd462d_-6ceb,332010,Kilauea,11,19830721,19830721,POINT (-155.287 19.421),237
E3WebApp_Emissions.fid--4d9842f7_16247cd462d_-6cea,332010,Kilauea,12.6,19830906,19830915,POINT (-155.287 19.421),238
E3WebApp_Emissions.fid--4d9842f7_16247cd462d_-6ce9,332010,Kilauea,11.6,19831005,19831005,POINT (-155.287 19.421),239
E3WebApp_Emissions.fid--4d9842f7_16247cd462d_-6ce8,332010,Kilauea,31.8,19831105,19831105,POINT (-155.287 19.421),240
E3WebApp_Emissions.fid--4d9842f7_16247cd462d_-6ce7,332010,Kilauea,14.5,19831129,19831129,POINT (-155.287 19.421),241
E3WebApp_Emissions.fid--4d9842f7_16247cd462d_-6ce6,332010,Kilauea,51.8,19840130,19840214,POINT (-155.287 19.421),242
E3WebApp_Emissions.fid--4d9842f7_16247cd462d_-6ce5,332010,Kilauea,13.5,19840304,19840304,POINT (-155.287 19.421),243
E3WebApp_Emissions.fid--4d9842f7_16247cd462d_-6ce4,332010,Kilauea,29.8,19840418,19840418,POINT (-155.287 19.421),244
E3WebApp_Emissions.fid--4d9842f7_16247cd462d_-6ce3,332010,Kilauea,30.2,19840607,19840607,POINT (-155.287 19.421),245
E3WebApp_Emissions.fid--4d9842f7_16247cd462d_-6ce2,332010,Kilauea,80.8,19840630,19840708,POINT (-155.287 19.421),246
E3WebApp_Emissions.fid--4d9842f7_16247cd462d_-6ce1,332010,Kilauea,29.8,19840728,19840728,POINT (-155.287 19.421),247
E3WebApp_Emissions.fid--4d9842f7_16247cd462d_-6ce0,332010,Kilauea,45.9,19840819,19840819,POINT (-155.287 19.421),248
E3WebApp_Emissions.fid--4d9842f7_16247cd462d_-6cdf,332010,Kilauea,37.9,19840919,19840919,POINT (-155.287 19.421),249
E3WebApp_Emissions.fid--4d9842f7_16247cd462d_-6cde,332010,Kilauea,15.2,19841102,19841102,POINT (-155.287 19.421),250
E3WebApp_Emissions.fid--4d9842f7_16247cd462d_-6cdd,332010,Kilauea,124.1,19841119,19841203,POINT (-155.287 19.421),251
E3WebApp_Emissions.fid--4d9842f7_16247cd462d_-6cdc,332010,Kilauea,47.9,19850103,19850103,POINT (-155.287 19.421),252
E3WebApp_Emissions.fid--4d9842f7_16247cd462d_-6cdb,332010,Kilauea,48.5,19850204,19850204,POINT (-155.287 19.421),253
E3WebApp_Emissions.fid--4d9842f7_16247cd462d_-6cda,332010,Kilauea,72.7,19850421,19850421,POINT (-155.287 19.421),254
E3WebApp_Emissions.fid--4d9842f7_16247cd462d_-6cd9,332010,Kilauea,30.8,19850612,19850612,POINT (-155.287 19.421),255
E3WebApp_Emissions.fid--4d9842f7_16247cd462d_-6cd8,332010,Kilauea,33.1,19850706,19850706,POINT (-155.287 19.421),256
E3WebApp_Emissions.fid--4d9842f7_16247cd462d_-6cd7,332010,Kilauea,17.9,19850726,19850726,POINT (-155.287 19.421),257
E3WebApp_Emissions.fid--4d9842f7_16247cd462d_-6cd6,332010,Kilauea,57.7,19850902,19850902,POINT (-155.287 19.421),258
E3WebApp_Emissions.fid--4d9842f7_16247cd462d_-6cd5,332010,Kilauea,35.3,19850924,19850924,POINT (-155.287 19.421),259
E3WebApp_Emissions.fid--4d9842f7_16247cd462d_-6cd4,332010,Kilauea,23.9,19851021,19851021,POINT (-155.287 19.421),260
E3WebApp_Emissions.fid--4d9842f7_16247cd462d_-6cd3,332010,Kilauea,11,19851113,19851113,POINT (-155.287 19.421),261
E3WebApp_Emissions.fid--4d9842f7_16247cd462d_-6cd2,332010,Kilauea,7.9,19860101,19860101,POINT (-155.287 19.421),262
E3WebApp_Emissions.fid--4d9842f7_16247cd462d_-6cd1,332010,Kilauea,25,19860127,19860127,POINT (-155.287 19.421),263
E3WebApp_Emissions.fid--4d9842f7_16247cd462d_-6cd0,332010,Kilauea,37.4,19860222,19860222,POINT (-155.287 19.421),264
E3WebApp_Emissions.fid--4d9842f7_16247cd462d_-6ccf,332010,Kilauea,5.4,19860322,19860322,POINT (-155.287 19.421),265
E3WebApp_Emissions.fid--4d9842f7_16247cd462d_-6cce,332010,Kilauea,24.2,19860413,19860413,POINT (-155.287 19.421),266
E3WebApp_Emissions.fid--4d9842f7_16247cd462d_-6ccd,332010,Kilauea,36.2,19860507,19860507,POINT (-155.287 19.421),267
E3WebApp_Emissions.fid--4d9842f7_16247cd462d_-6ccc,332010,Kilauea,48,19860602,19860602,POINT (-155.287 19.421),268
E3WebApp_Emissions.fid--4d9842f7_16247cd462d_-6ccb,332010,Kilauea,37.2,19860626,19860626,POINT (-155.287 19.421),269
E3WebApp_Emissions.fid--4d9842f7_16247cd462d_-6cca,332020,Mauna Loa,1197,19840325,19840325,POINT (-155.608 19.475),270
E3WebApp_Emissions.fid--4d9842f7_16247cd462d_-6cc9,341090,Popocatepetl,7,19970703,19970703,POINT (-98.622 19.023),271
E3WebApp_Emissions.fid--4d9842f7_16247cd462d_-6cc8,341090,Popocatepetl,10,19981125,19981125,POINT (-98.622 19.023),272
E3WebApp_Emissions.fid--4d9842f7_16247cd462d_-6cc7,341090,Popocatepetl,49,20001215,20001219,POINT (-98.622 19.023),273
E3WebApp_Emissions.fid--4d9842f7_16247cd462d_-6cc6,341090,Popocatepetl,17,20010123,20010123,POINT (-98.622 19.023),274
E3WebApp_Emissions.fid--4d9842f7_16247cd462d_-6cc5,341090,Popocatepetl,4,20010429,20010429,POINT (-98.622 19.023),275
E3WebApp_Emissions.fid--4d9842f7_16247cd462d_-6cc4,341120,"Chichon, El",8090,19820329,19820404,POINT (-93.228 17.36),276
E3WebApp_Emissions.fid--4d9842f7_16247cd462d_-6cc3,342090,Fuego,1,20051227,20051227,POINT (-90.88 14.473),277
E3WebApp_Emissions.fid--4d9842f7_16247cd462d_-6cc2,342090,Fuego,2,20070315,20070315,POINT (-90.88 14.473),278
E3WebApp_Emissions.fid--4d9842f7_16247cd462d_-6cc1,342090,Fuego,2,20070701,20070701,POINT (-90.88 14.473),279
E3WebApp_Emissions.fid--4d9842f7_16247cd462d_-6cc0,342090,Fuego,2,20071215,20071215,POINT (-90.88 14.473),280
E3WebApp_Emissions.fid--4d9842f7_16247cd462d_-6cbf,342090,Fuego,2,20120913,20120913,POINT (-90.88 14.473),281
E3WebApp_Emissions.fid--4d9842f7_16247cd462d_-6cbe,342090,Fuego,2,20150207,20150207,POINT (-90.88 14.473),282
E3WebApp_Emissions.fid--4d9842f7_16247cd462d_-6cbd,342090,Fuego,2,20160104,20160120,POINT (-90.88 14.473),283
E3WebApp_Emissions.fid--4d9842f7_16247cd462d_-6cbc,342090,Fuego,1,20160210,20160210,POINT (-90.88 14.473),284
E3WebApp_Emissions.fid--4d9842f7_16247cd462d_-6cbb,342110,Pacaya,1,19890309,19890309,POINT (-90.601 14.382),285
E3WebApp_Emissions.fid--4d9842f7_16247cd462d_-6cba,342110,Pacaya,23,20100528,20100528,POINT (-90.601 14.382),286
E3WebApp_Emissions.fid--4d9842f7_16247cd462d_-6cb9,342110,Pacaya,2,20140302,20140302,POINT (-90.601 14.382),287
E3WebApp_Emissions.fid--4d9842f7_16247cd462d_-6cb8,343020,Santa Ana,12,20051001,20051001,POINT (-89.63 13.853),288
E3WebApp_Emissions.fid--4d9842f7_16247cd462d_-6cb7,343100,San Miguel,5,20131229,20131229,POINT (-88.269 13.434),289
E3WebApp_Emissions.fid--4d9842f7_16247cd462d_-6cb6,344020,San Cristobal,5,20120908,20120908,POINT (-87.004 12.702),290
E3WebApp_Emissions.fid--4d9842f7_16247cd462d_-6cb5,344020,San Cristobal,1,20121226,20121226,POINT (-87.004 12.702),291
E3WebApp_Emissions.fid--4d9842f7_16247cd462d_-6cb4,344040,Telica,1,20151122,20151122,POINT (-86.84 12.606),292
E3WebApp_Emissions.fid--4d9842f7_16247cd462d_-6cb3,344070,"Negro, Cerro",10,19920409,19920409,POINT (-86.702 12.506),293
E3WebApp_Emissions.fid--4d9842f7_16247cd462d_-6cb2,344090,Momotombo,1.5,20151202,20151202,POINT (-86.539 12.423),294
E3WebApp_Emissions.fid--4d9842f7_16247cd462d_-6cb1,345070,Turrialba,3,20141030,20141030,POINT (-83.767 10.025),295
E3WebApp_Emissions.fid--4d9842f7_16247cd462d_-6cb0,351020,"Ruiz, Nevado del",90,19850912,19850912,POINT (-75.324 4.892),296
E3WebApp_Emissions.fid--4d9842f7_16247cd462d_-6caf,351020,"Ruiz, Nevado del",660,19851114,19851114,POINT (-75.324 4.892),297
E3WebApp_Emissions.fid--4d9842f7_16247cd462d_-6cae,351020,"Ruiz, Nevado del",12,19890901,19890901,POINT (-75.324 4.892),298
E3WebApp_Emissions.fid--4d9842f7_16247cd462d_-6cad,351080,Galeras,3,20040812,20040812,POINT (-77.37 1.22),299
E3WebApp_Emissions.fid--4d9842f7_16247cd462d_-6cac,352010,Reventador,84,20021103,20021103,POINT (-77.656 -0.077),300
E3WebApp_Emissions.fid--4d9842f7_16247cd462d_-6cab,352050,Cotopaxi,20,20150814,20150814,POINT (-78.436 -0.677),301
E3WebApp_Emissions.fid--4d9842f7_16247cd462d_-6caa,352080,Tungurahua,6,19991116,19991116,POINT (-78.442 -1.467),302
E3WebApp_Emissions.fid--4d9842f7_16247cd462d_-6ca9,352080,Tungurahua,32,20010806,20010806,POINT (-78.442 -1.467),303
E3WebApp_Emissions.fid--4d9842f7_16247cd462d_-6ca8,352080,Tungurahua,12,20030308,20030308,POINT (-78.442 -1.467),304
E3WebApp_Emissions.fid--4d9842f7_16247cd462d_-6ca7,352080,Tungurahua,10,20060715,20060715,POINT (-78.442 -1.467),305
E3WebApp_Emissions.fid--4d9842f7_16247cd462d_-6ca6,352080,Tungurahua,30,20060816,20060816,POINT (-78.442 -1.467),306
E3WebApp_Emissions.fid--4d9842f7_16247cd462d_-6ca5,353010,Fernandina,290,19840331,19840331,POINT (-91.55 -0.37),307
E3WebApp_Emissions.fid--4d9842f7_16247cd462d_-6ca4,353010,Fernandina,280,19880914,19880914,POINT (-91.55 -0.37),308
E3WebApp_Emissions.fid--4d9842f7_16247cd462d_-6ca3,353010,Fernandina,580,19910420,19910420,POINT (-91.55 -0.37),309
E3WebApp_Emissions.fid--4d9842f7_16247cd462d_-6ca2,353010,Fernandina,150,20050513,20050513,POINT (-91.55 -0.37),310
E3WebApp_Emissions.fid--4d9842f7_16247cd462d_-6ca1,353010,Fernandina,521,20090411,20090411,POINT (-91.55 -0.37),311
E3WebApp_Emissions.fid--4d9842f7_16247cd462d_-6ca0,353020,Wolf,1080,19820829,19820829,POINT (-91.35 0.02),312
E3WebApp_Emissions.fid--4d9842f7_16247cd462d_-6c9f,353020,Wolf,200,20150525,20150525,POINT (-91.35 0.02),313
E3WebApp_Emissions.fid--4d9842f7_16247cd462d_-6c9e,353050,"Negra, Sierra",2524,19791113,19791113,POINT (-91.17 -0.83),314
E3WebApp_Emissions.fid--4d9842f7_16247cd462d_-6c9d,353050,"Negra, Sierra",1928,20051023,20051023,POINT (-91.17 -0.83),315
E3WebApp_Emissions.fid--4d9842f7_16247cd462d_-6c9c,353060,"Azul, Cerro",358,19790201,19790201,POINT (-91.408 -0.92),316
E3WebApp_Emissions.fid--4d9842f7_16247cd462d_-6c9b,353060,"Azul, Cerro",714,19980915,19980915,POINT (-91.408 -0.92),317
E3WebApp_Emissions.fid--4d9842f7_16247cd462d_-6c9a,353060,"Azul, Cerro",157,20080530,20080530,POINT (-91.408 -0.92),318
E3WebApp_Emissions.fid--4d9842f7_16247cd462d_-6c99,353080,Marchena,200,19910926,19910926,POINT (-90.47 0.33),319
E3WebApp_Emissions.fid--4d9842f7_16247cd462d_-6c98,355100,Lascar,450,19930419,19930419,POINT (-67.73 -23.37),320
E3WebApp_Emissions.fid--4d9842f7_16247cd462d_-6c97,355100,Lascar,3,20050504,20050504,POINT (-67.73 -23.37),321
E3WebApp_Emissions.fid--4d9842f7_16247cd462d_-6c96,355100,Lascar,2,20060418,20060418,POINT (-67.73 -23.37),322
E3WebApp_Emissions.fid--4d9842f7_16247cd462d_-6c95,357040,Planchon-Peteroa,1,20110502,20110502,POINT (-70.568 -35.223),323
E3WebApp_Emissions.fid--4d9842f7_16247cd462d_-6c94,357090,Copahue,500,20121222,20121222,POINT (-71.183 -37.856),324
E3WebApp_Emissions.fid--4d9842f7_16247cd462d_-6c93,357100,Lonquimay,10,19890112,19890112,POINT (-71.586 -38.379),325
E3WebApp_Emissions.fid--4d9842f7_16247cd462d_-6c92,357110,Llaima,30,20080101,20080101,POINT (-71.729 -38.692),326
E3WebApp_Emissions.fid--4d9842f7_16247cd462d_-6c91,357110,Llaima,10,20090403,20090403,POINT (-71.729 -38.692),327
E3WebApp_Emissions.fid--4d9842f7_16247cd462d_-6c90,357120,Villarrica,5,20150303,20150303,POINT (-71.93 -39.42),328
E3WebApp_Emissions.fid--4d9842f7_16247cd462d_-6c8f,357150,Puyehue-Cordon Caulle,200,20110604,20110604,POINT (-72.117 -40.59),329
E3WebApp_Emissions.fid--4d9842f7_16247cd462d_-6c8e,358020,Calbuco,400,20150422,20150422,POINT (-72.618 -41.33),330
E3WebApp_Emissions.fid--4d9842f7_16247cd462d_-6c8d,358041,Chaiten,14,20080502,20080508,POINT (-72.646 -42.833),331
E3WebApp_Emissions.fid--4d9842f7_16247cd462d_-6c8c,358057,"Hudson, Cerro",4000,19910809,19910815,POINT (-72.97 -45.9),332
E3WebApp_Emissions.fid--4d9842f7_16247cd462d_-6c8b,358057,"Hudson, Cerro",1,20111026,20111026,POINT (-72.97 -45.9),333
E3WebApp_Emissions.fid--4d9842f7_16247cd462d_-6c8a,360050,Soufriere Hills,31,19971226,19971226,POINT (-62.18 16.72),334
E3WebApp_Emissions.fid--4d9842f7_16247cd462d_-6c89,360050,Soufriere Hills,2,19980703,19980703,POINT (-62.18 16.72),335
E3WebApp_Emissions.fid--4d9842f7_16247cd462d_-6c88,360050,Soufriere Hills,9,19981112,19981112,POINT (-62.18 16.72),336
E3WebApp_Emissions.fid--4d9842f7_16247cd462d_-6c87,360050,Soufriere Hills,16,19990720,19990720,POINT (-62.18 16.72),337
E3WebApp_Emissions.fid--4d9842f7_16247cd462d_-6c86,360050,Soufriere Hills,3.4,20000320,20000320,POINT (-62.18 16.72),338
E3WebApp_Emissions.fid--4d9842f7_16247cd462d_-6c85,360050,Soufriere Hills,33,20010730,20010730,POINT (-62.18 16.72),339
E3WebApp_Emissions.fid--4d9842f7_16247cd462d_-6c84,360050,Soufriere Hills,100,20030713,20030713,POINT (-62.18 16.72),340
E3WebApp_Emissions.fid--4d9842f7_16247cd462d_-6c83,360050,Soufriere Hills,5,20040303,20040303,POINT (-62.18 16.72),341
E3WebApp_Emissions.fid--4d9842f7_16247cd462d_-6c82,360050,Soufriere Hills,8,20050628,20050718,POINT (-62.18 16.72),342
E3WebApp_Emissions.fid--4d9842f7_16247cd462d_-6c81,360050,Soufriere Hills,200,20060520,20060520,POINT (-62.18 16.72),343
E3WebApp_Emissions.fid--4d9842f7_16247cd462d_-6c80,360050,Soufriere Hills,1,20070108,20070108,POINT (-62.18 16.72),344
E3WebApp_Emissions.fid--4d9842f7_16247cd462d_-6c7f,360050,Soufriere Hills,3,20080729,20080729,POINT (-62.18 16.72),345
E3WebApp_Emissions.fid--4d9842f7_16247cd462d_-6c7e,360050,Soufriere Hills,5,20081203,20081203,POINT (-62.18 16.72),346
E3WebApp_Emissions.fid--4d9842f7_16247cd462d_-6c7d,360050,Soufriere Hills,8,20090103,20090103,POINT (-62.18 16.72),347
E3WebApp_Emissions.fid--4d9842f7_16247cd462d_-6c7c,360050,Soufriere Hills,30,20100212,20100212,POINT (-62.18 16.72),348
E3WebApp_Emissions.fid--4d9842f7_16247cd462d_-6c7b,360150,Soufriere St. Vincent,3,19790413,19790413,POINT (-61.18 13.33),349
E3WebApp_Emissions.fid--4d9842f7_16247cd462d_-6c7a,372020,Eyjafjallajokull,466,20100414,20100414,POINT (-19.633 63.633),350
E3WebApp_Emissions.fid--4d9842f7_16247cd462d_-6c79,372070,Hekla,460,19800818,19800818,POINT (-19.666 63.983),351
E3WebApp_Emissions.fid--4d9842f7_16247cd462d_-6c78,372070,Hekla,10,19810409,19810409,POINT (-19.666 63.983),352
E3WebApp_Emissions.fid--4d9842f7_16247cd462d_-6c77,372070,Hekla,230,19910120,19910120,POINT (-19.666 63.983),353
E3WebApp_Emissions.fid--4d9842f7_16247cd462d_-6c76,372070,Hekla,183,20000226,20000226,POINT (-19.666 63.983),354
E3WebApp_Emissions.fid--4d9842f7_16247cd462d_-6c75,373010,Grimsvotn,10,19830529,19830529,POINT (-17.316 64.416),355
E3WebApp_Emissions.fid--4d9842f7_16247cd462d_-6c74,373010,Grimsvotn,10,19961002,19961002,POINT (-17.316 64.416),356
E3WebApp_Emissions.fid--4d9842f7_16247cd462d_-6c73,373010,Grimsvotn,30,20041102,20041102,POINT (-17.316 64.416),357
E3WebApp_Emissions.fid--4d9842f7_16247cd462d_-6c72,373010,Grimsvotn,300,20110521,20110521,POINT (-17.316 64.416),358
E3WebApp_Emissions.fid--4d9842f7_16247cd462d_-6c71,373030,Bardarbunga,11800,20140831,20140831,POINT (-17.516 64.633),359
E3WebApp_Emissions.fid--4d9842f7_16247cd462d_-6c70,373080,Krafla,250,19800711,19800711,POINT (-16.728 65.715),360
E3WebApp_Emissions.fid--4d9842f7_16247cd462d_-6c6f,373080,Krafla,60,19801019,19801019,POINT (-16.728 65.715),361
E3WebApp_Emissions.fid--4d9842f7_16247cd462d_-6c6e,373080,Krafla,375,19840905,19840905,POINT (-16.728 65.715),362
E3WebApp_Emissions.fid--4d9842f7_16247cd462d_-6c6d,384010,Fogo,382,20141123,20141123,POINT (-24.35 14.95),363
